ID PDC local;Statut du point de recharge;URL Description Point de charge;Heure mise Ã  jour;coordonneesXY;adresse_station;code_insee_commune;arrondissement
FR*V75*E9018*05*3;Inconnu;https://parisdata.opendatasoft.com/explore/dataset/belib-points-de-recharge-pour-vehicules-electriques-donnees-statiques/table/?disjunctive.nbre_pdc&disjunctive.accessibilite&disjunctive.horaires_sav&disjunctive.postal_code&disjunctive.acces_recharge&disjunctive.type_prise&disjunctive.puiss_max&q=FR*V75*E9018*05*3;2025-01-06T03:30:05+00:00;48.89061, 2.35423;27 Rue Ordener 75018 Paris;75118;18e Arrondissement
FR*V75*EPX18*01*1;Disponible;https://parisdata.opendatasoft.com/explore/dataset/belib-points-de-recharge-pour-vehicules-electriques-donnees-statiques/table/?disjunctive.nbre_pdc&disjunctive.accessibilite&disjunctive.horaires_sav&disjunctive.postal_code&disjunctive.acces_recharge&disjunctive.type_prise&disjunctive.puiss_max&q=FR*V75*EPX18*01*1;2025-01-06T03:30:05+00:00;48.898304, 2.3423252;1 Rue Fernand Labori 75018 Paris;75118;18e Arrondissement
FR*V75*EPX18*01*6;Disponible;https://parisdata.opendatasoft.com/explore/dataset/belib-points-de-recharge-pour-vehicules-electriques-donnees-statiques/table/?disjunctive.nbre_pdc&disjunctive.accessibilite&disjunctive.horaires_sav&disjunctive.postal_code&disjunctive.acces_recharge&disjunctive.type_prise&disjunctive.puiss_max&q=FR*V75*EPX18*01*6;2025-01-06T03:30:05+00:00;48.898304, 2.3423252;1 Rue Fernand Labori 75018 Paris;75118;18e Arrondissement
FR*V75*EPX18*08*2;Disponible;https://parisdata.opendatasoft.com/explore/dataset/belib-points-de-recharge-pour-vehicules-electriques-donnees-statiques/table/?disjunctive.nbre_pdc&disjunctive.accessibilite&disjunctive.horaires_sav&disjunctive.postal_code&disjunctive.acces_recharge&disjunctive.type_prise&disjunctive.puiss_max&q=FR*V75*EPX18*08*2;2025-01-06T03:30:05+00:00;48.8954, 2.35;28 Rue Championnet 75018 Paris;75118;18e Arrondissement
FR*V75*EPX18*11*4;Disponible;https://parisdata.opendatasoft.com/explore/dataset/belib-points-de-recharge-pour-vehicules-electriques-donnees-statiques/table/?disjunctive.nbre_pdc&disjunctive.accessibilite&disjunctive.horaires_sav&disjunctive.postal_code&disjunctive.acces_recharge&disjunctive.type_prise&disjunctive.puiss_max&q=FR*V75*EPX18*11*4;2025-01-06T03:30:05+00:00;48.88508, 2.3375535;1bis Rue Ravignan 75018 Paris;75118;18e Arrondissement
FR*V75*EPX18*13*4;Disponible;https://parisdata.opendatasoft.com/explore/dataset/belib-points-de-recharge-pour-vehicules-electriques-donnees-statiques/table/?disjunctive.nbre_pdc&disjunctive.accessibilite&disjunctive.horaires_sav&disjunctive.postal_code&disjunctive.acces_recharge&disjunctive.type_prise&disjunctive.puiss_max&q=FR*V75*EPX18*13*4;2025-01-06T03:30:05+00:00;48.891644, 2.344978;62 Rue Ramey 75018 Paris;75118;18e Arrondissement
FR*V75*EPX18*07*1;Disponible;https://parisdata.opendatasoft.com/explore/dataset/belib-points-de-recharge-pour-vehicules-electriques-donnees-statiques/table/?disjunctive.nbre_pdc&disjunctive.accessibilite&disjunctive.horaires_sav&disjunctive.postal_code&disjunctive.acces_recharge&disjunctive.type_prise&disjunctive.puiss_max&q=FR*V75*EPX18*07*1;2025-01-06T07:50:03+00:00;48.8861, 2.3591;1 Rue Jean-FranÃ§ois LÃ©pine 75018 Paris;75118;18e Arrondissement
FR*V75*EPX18*12*1;Disponible;https://parisdata.opendatasoft.com/explore/dataset/belib-points-de-recharge-pour-vehicules-electriques-donnees-statiques/table/?disjunctive.nbre_pdc&disjunctive.accessibilite&disjunctive.horaires_sav&disjunctive.postal_code&disjunctive.acces_recharge&disjunctive.type_prise&disjunctive.puiss_max&q=FR*V75*EPX18*12*1;2025-01-06T07:23:03+00:00;48.893276, 2.3395;120 Rue Ordener 75018 Paris;75118;18e Arrondissement
FR*V75*EPX18*09*4;Inconnu;https://parisdata.opendatasoft.com/explore/dataset/belib-points-de-recharge-pour-vehicules-electriques-donnees-statiques/table/?disjunctive.nbre_pdc&disjunctive.accessibilite&disjunctive.horaires_sav&disjunctive.postal_code&disjunctive.acces_recharge&disjunctive.type_prise&disjunctive.puiss_max&q=FR*V75*EPX18*09*4;2023-10-16T02:30:06+00:00;48.8949, 2.3355;162 Rue Championnet 75018 Paris;75118;18e Arrondissement
FR*V75*EPX18*09*6;Inconnu;https://parisdata.opendatasoft.com/explore/dataset/belib-points-de-recharge-pour-vehicules-electriques-donnees-statiques/table/?disjunctive.nbre_pdc&disjunctive.accessibilite&disjunctive.horaires_sav&disjunctive.postal_code&disjunctive.acces_recharge&disjunctive.type_prise&disjunctive.puiss_max&q=FR*V75*EPX18*09*6;2023-10-16T02:30:06+00:00;48.8949, 2.3355;162 Rue Championnet 75018 Paris;75118;18e Arrondissement
FR*V75*EPX18*09*2;Inconnu;https://parisdata.opendatasoft.com/explore/dataset/belib-points-de-recharge-pour-vehicules-electriques-donnees-statiques/table/?disjunctive.nbre_pdc&disjunctive.accessibilite&disjunctive.horaires_sav&disjunctive.postal_code&disjunctive.acces_recharge&disjunctive.type_prise&disjunctive.puiss_max&q=FR*V75*EPX18*09*2;2023-10-16T02:30:06+00:00;48.8949, 2.3355;162 Rue Championnet 75018 Paris;75118;18e Arrondissement
FR*V75*EPX18*09*3;Inconnu;https://parisdata.opendatasoft.com/explore/dataset/belib-points-de-recharge-pour-vehicules-electriques-donnees-statiques/table/?disjunctive.nbre_pdc&disjunctive.accessibilite&disjunctive.horaires_sav&disjunctive.postal_code&disjunctive.acces_recharge&disjunctive.type_prise&disjunctive.puiss_max&q=FR*V75*EPX18*09*3;2023-10-16T02:30:06+00:00;48.8949, 2.3355;162 Rue Championnet 75018 Paris;75118;18e Arrondissement
FR*V75*EPX18*09*1;Inconnu;https://parisdata.opendatasoft.com/explore/dataset/belib-points-de-recharge-pour-vehicules-electriques-donnees-statiques/table/?disjunctive.nbre_pdc&disjunctive.accessibilite&disjunctive.horaires_sav&disjunctive.postal_code&disjunctive.acces_recharge&disjunctive.type_prise&disjunctive.puiss_max&q=FR*V75*EPX18*09*1;2023-10-16T02:30:06+00:00;48.8949, 2.3355;162 Rue Championnet 75018 Paris;75118;18e Arrondissement
FR*V75*EPX18*09*5;Inconnu;https://parisdata.opendatasoft.com/explore/dataset/belib-points-de-recharge-pour-vehicules-electriques-donnees-statiques/table/?disjunctive.nbre_pdc&disjunctive.accessibilite&disjunctive.horaires_sav&disjunctive.postal_code&disjunctive.acces_recharge&disjunctive.type_prise&disjunctive.puiss_max&q=FR*V75*EPX18*09*5;2023-10-16T02:30:06+00:00;48.8949, 2.3355;162 Rue Championnet 75018 Paris;75118;18e Arrondissement
FR*V75*E9018*02*3;Disponible;https://parisdata.opendatasoft.com/explore/dataset/belib-points-de-recharge-pour-vehicules-electriques-donnees-statiques/table/?disjunctive.nbre_pdc&disjunctive.accessibilite&disjunctive.horaires_sav&disjunctive.postal_code&disjunctive.acces_recharge&disjunctive.type_prise&disjunctive.puiss_max&q=FR*V75*E9018*02*3;2024-10-09T02:30:04+00:00;48.889732, 2.33891;103 Rue Caulaincourt 75018 Paris;75118;18e Arrondissement
FR*V75*E9018*02*2;Disponible;https://parisdata.opendatasoft.com/explore/dataset/belib-points-de-recharge-pour-vehicules-electriques-donnees-statiques/table/?disjunctive.nbre_pdc&disjunctive.accessibilite&disjunctive.horaires_sav&disjunctive.postal_code&disjunctive.acces_recharge&disjunctive.type_prise&disjunctive.puiss_max&q=FR*V75*E9018*02*2;2024-10-09T02:30:04+00:00;48.889732, 2.33891;103 Rue Caulaincourt 75018 Paris;75118;18e Arrondissement
FR*V75*E9018*02*1;Disponible;https://parisdata.opendatasoft.com/explore/dataset/belib-points-de-recharge-pour-vehicules-electriques-donnees-statiques/table/?disjunctive.nbre_pdc&disjunctive.accessibilite&disjunctive.horaires_sav&disjunctive.postal_code&disjunctive.acces_recharge&disjunctive.type_prise&disjunctive.puiss_max&q=FR*V75*E9018*02*1;2024-10-09T08:15:35+00:00;48.889732, 2.33891;103 Rue Caulaincourt 75018 Paris;75118;18e Arrondissement
FR*V75*EPX18*02*4;Disponible;https://parisdata.opendatasoft.com/explore/dataset/belib-points-de-recharge-pour-vehicules-electriques-donnees-statiques/table/?disjunctive.nbre_pdc&disjunctive.accessibilite&disjunctive.horaires_sav&disjunctive.postal_code&disjunctive.acces_recharge&disjunctive.type_prise&disjunctive.puiss_max&q=FR*V75*EPX18*02*4;2025-01-06T03:30:05+00:00;48.89919, 2.330375;48 Rue Henri Huchard 75018 Paris;75118;18e Arrondissement
FR*V75*EPX18*06*2;Disponible;https://parisdata.opendatasoft.com/explore/dataset/belib-points-de-recharge-pour-vehicules-electriques-donnees-statiques/table/?disjunctive.nbre_pdc&disjunctive.accessibilite&disjunctive.horaires_sav&disjunctive.postal_code&disjunctive.acces_recharge&disjunctive.type_prise&disjunctive.puiss_max&q=FR*V75*EPX18*06*2;2025-01-06T03:30:05+00:00;48.8913, 2.3385;150 Rue Marcadet 75018 Paris;75118;18e Arrondissement
FR*V75*EPX18*07*4;Disponible;https://parisdata.opendatasoft.com/explore/dataset/belib-points-de-recharge-pour-vehicules-electriques-donnees-statiques/table/?disjunctive.nbre_pdc&disjunctive.accessibilite&disjunctive.horaires_sav&disjunctive.postal_code&disjunctive.acces_recharge&disjunctive.type_prise&disjunctive.puiss_max&q=FR*V75*EPX18*07*4;2025-01-06T03:30:05+00:00;48.8861, 2.3591;1 Rue Jean-FranÃ§ois LÃ©pine 75018 Paris;75118;18e Arrondissement
FR*V75*EPX18*15*1;Disponible;https://parisdata.opendatasoft.com/explore/dataset/belib-points-de-recharge-pour-vehicules-electriques-donnees-statiques/table/?disjunctive.nbre_pdc&disjunctive.accessibilite&disjunctive.horaires_sav&disjunctive.postal_code&disjunctive.acces_recharge&disjunctive.type_prise&disjunctive.puiss_max&q=FR*V75*EPX18*15*1;2025-01-06T03:30:05+00:00;48.892082, 2.3331354;220 Rue Marcadet 75018 Paris;75118;18e Arrondissement
FR*V75*EPX18*14*4;Disponible;https://parisdata.opendatasoft.com/explore/dataset/belib-points-de-recharge-pour-vehicules-electriques-donnees-statiques/table/?disjunctive.nbre_pdc&disjunctive.accessibilite&disjunctive.horaires_sav&disjunctive.postal_code&disjunctive.acces_recharge&disjunctive.type_prise&disjunctive.puiss_max&q=FR*V75*EPX18*14*4;2025-01-06T03:30:05+00:00;48.884415, 2.3305461;1 Avenue Rachel 75018 Paris;75118;18e Arrondissement
FR*V75*EPX18*12*5;Disponible;https://parisdata.opendatasoft.com/explore/dataset/belib-points-de-recharge-pour-vehicules-electriques-donnees-statiques/table/?disjunctive.nbre_pdc&disjunctive.accessibilite&disjunctive.horaires_sav&disjunctive.postal_code&disjunctive.acces_recharge&disjunctive.type_prise&disjunctive.puiss_max&q=FR*V75*EPX18*12*5;2025-01-06T07:44:39+00:00;48.893276, 2.3395;120 Rue Ordener 75018 Paris;75118;18e Arrondissement
FR*V75*EPX18*02*5;Disponible;https://parisdata.opendatasoft.com/explore/dataset/belib-points-de-recharge-pour-vehicules-electriques-donnees-statiques/table/?disjunctive.nbre_pdc&disjunctive.accessibilite&disjunctive.horaires_sav&disjunctive.postal_code&disjunctive.acces_recharge&disjunctive.type_prise&disjunctive.puiss_max&q=FR*V75*EPX18*02*5;2025-01-06T03:30:05+00:00;48.89919, 2.330375;48 Rue Henri Huchard 75018 Paris;75118;18e Arrondissement
FR*V75*EPX18*06*4;Disponible;https://parisdata.opendatasoft.com/explore/dataset/belib-points-de-recharge-pour-vehicules-electriques-donnees-statiques/table/?disjunctive.nbre_pdc&disjunctive.accessibilite&disjunctive.horaires_sav&disjunctive.postal_code&disjunctive.acces_recharge&disjunctive.type_prise&disjunctive.puiss_max&q=FR*V75*EPX18*06*4;2025-01-06T03:30:05+00:00;48.8913, 2.3385;150 Rue Marcadet 75018 Paris;75118;18e Arrondissement
FR*V75*EPX18*16*1;Disponible;https://parisdata.opendatasoft.com/explore/dataset/belib-points-de-recharge-pour-vehicules-electriques-donnees-statiques/table/?disjunctive.nbre_pdc&disjunctive.accessibilite&disjunctive.horaires_sav&disjunctive.postal_code&disjunctive.acces_recharge&disjunctive.type_prise&disjunctive.puiss_max&q=FR*V75*EPX18*16*1;2025-01-06T03:30:05+00:00;48.885006, 2.3475914;16 Rue Sofia 75018 Paris;75118;18e Arrondissement
FR*V75*EPX18*16*3;Disponible;https://parisdata.opendatasoft.com/explore/dataset/belib-points-de-recharge-pour-vehicules-electriques-donnees-statiques/table/?disjunctive.nbre_pdc&disjunctive.accessibilite&disjunctive.horaires_sav&disjunctive.postal_code&disjunctive.acces_recharge&disjunctive.type_prise&disjunctive.puiss_max&q=FR*V75*EPX18*16*3;2025-01-06T03:30:05+00:00;48.885006, 2.3475914;16 Rue Sofia 75018 Paris;75118;18e Arrondissement
FR*V75*EPX18*14*2;Disponible;https://parisdata.opendatasoft.com/explore/dataset/belib-points-de-recharge-pour-vehicules-electriques-donnees-statiques/table/?disjunctive.nbre_pdc&disjunctive.accessibilite&disjunctive.horaires_sav&disjunctive.postal_code&disjunctive.acces_recharge&disjunctive.type_prise&disjunctive.puiss_max&q=FR*V75*EPX18*14*2;2025-01-06T07:03:03+00:00;48.884415, 2.3305461;1 Avenue Rachel 75018 Paris;75118;18e Arrondissement
FR*V75*EPX18*12*2;OccupÃ© (en charge);https://parisdata.opendatasoft.com/explore/dataset/belib-points-de-recharge-pour-vehicules-electriques-donnees-statiques/table/?disjunctive.nbre_pdc&disjunctive.accessibilite&disjunctive.horaires_sav&disjunctive.postal_code&disjunctive.acces_recharge&disjunctive.type_prise&disjunctive.puiss_max&q=FR*V75*EPX18*12*2;2025-01-06T07:50:59+00:00;48.893276, 2.3395;120 Rue Ordener 75018 Paris;75118;18e Arrondissement
FR*V75*EPX18*05*2;OccupÃ© (en charge);https://parisdata.opendatasoft.com/explore/dataset/belib-points-de-recharge-pour-vehicules-electriques-donnees-statiques/table/?disjunctive.nbre_pdc&disjunctive.accessibilite&disjunctive.horaires_sav&disjunctive.postal_code&disjunctive.acces_recharge&disjunctive.type_prise&disjunctive.puiss_max&q=FR*V75*EPX18*05*2;2025-01-06T03:30:05+00:00;48.88836, 2.3480344;17 Rue Custine 75018 Paris;75118;18e Arrondissement
FR*V75*EPX18*06*1;Disponible;https://parisdata.opendatasoft.com/explore/dataset/belib-points-de-recharge-pour-vehicules-electriques-donnees-statiques/table/?disjunctive.nbre_pdc&disjunctive.accessibilite&disjunctive.horaires_sav&disjunctive.postal_code&disjunctive.acces_recharge&disjunctive.type_prise&disjunctive.puiss_max&q=FR*V75*EPX18*06*1;2025-01-06T03:30:05+00:00;48.8913, 2.3385;150 Rue Marcadet 75018 Paris;75118;18e Arrondissement
FR*V75*EPX18*13*5;OccupÃ© (en charge);https://parisdata.opendatasoft.com/explore/dataset/belib-points-de-recharge-pour-vehicules-electriques-donnees-statiques/table/?disjunctive.nbre_pdc&disjunctive.accessibilite&disjunctive.horaires_sav&disjunctive.postal_code&disjunctive.acces_recharge&disjunctive.type_prise&disjunctive.puiss_max&q=FR*V75*EPX18*13*5;2025-01-06T03:30:05+00:00;48.891644, 2.344978;62 Rue Ramey 75018 Paris;75118;18e Arrondissement
FR*V75*EPX18*15*4;Disponible;https://parisdata.opendatasoft.com/explore/dataset/belib-points-de-recharge-pour-vehicules-electriques-donnees-statiques/table/?disjunctive.nbre_pdc&disjunctive.accessibilite&disjunctive.horaires_sav&disjunctive.postal_code&disjunctive.acces_recharge&disjunctive.type_prise&disjunctive.puiss_max&q=FR*V75*EPX18*15*4;2025-01-06T03:30:05+00:00;48.892082, 2.3331354;220 Rue Marcadet 75018 Paris;75118;18e Arrondissement
FR*V75*EPX18*13*1;OccupÃ© (en charge);https://parisdata.opendatasoft.com/explore/dataset/belib-points-de-recharge-pour-vehicules-electriques-donnees-statiques/table/?disjunctive.nbre_pdc&disjunctive.accessibilite&disjunctive.horaires_sav&disjunctive.postal_code&disjunctive.acces_recharge&disjunctive.type_prise&disjunctive.puiss_max&q=FR*V75*EPX18*13*1;2025-01-06T04:26:33+00:00;48.891644, 2.344978;62 Rue Ramey 75018 Paris;75118;18e Arrondissement
FR*V75*EPX18*16*5;OccupÃ© (en charge);https://parisdata.opendatasoft.com/explore/dataset/belib-points-de-recharge-pour-vehicules-electriques-donnees-statiques/table/?disjunctive.nbre_pdc&disjunctive.accessibilite&disjunctive.horaires_sav&disjunctive.postal_code&disjunctive.acces_recharge&disjunctive.type_prise&disjunctive.puiss_max&q=FR*V75*EPX18*16*5;2025-01-06T07:00:36+00:00;48.885006, 2.3475914;16 Rue Sofia 75018 Paris;75118;18e Arrondissement
FR*V75*E9018*05*1;Inconnu;https://parisdata.opendatasoft.com/explore/dataset/belib-points-de-recharge-pour-vehicules-electriques-donnees-statiques/table/?disjunctive.nbre_pdc&disjunctive.accessibilite&disjunctive.horaires_sav&disjunctive.postal_code&disjunctive.acces_recharge&disjunctive.type_prise&disjunctive.puiss_max&q=FR*V75*E9018*05*1;2025-01-06T03:30:05+00:00;48.89061, 2.35423;27 Rue Ordener 75018 Paris;75118;18e Arrondissement
FR*V75*EPX18*11*2;Disponible;https://parisdata.opendatasoft.com/explore/dataset/belib-points-de-recharge-pour-vehicules-electriques-donnees-statiques/table/?disjunctive.nbre_pdc&disjunctive.accessibilite&disjunctive.horaires_sav&disjunctive.postal_code&disjunctive.acces_recharge&disjunctive.type_prise&disjunctive.puiss_max&q=FR*V75*EPX18*11*2;2025-01-06T03:30:05+00:00;48.88508, 2.3375535;1bis Rue Ravignan 75018 Paris;75118;18e Arrondissement
FR*V75*EPX18*08*3;Disponible;https://parisdata.opendatasoft.com/explore/dataset/belib-points-de-recharge-pour-vehicules-electriques-donnees-statiques/table/?disjunctive.nbre_pdc&disjunctive.accessibilite&disjunctive.horaires_sav&disjunctive.postal_code&disjunctive.acces_recharge&disjunctive.type_prise&disjunctive.puiss_max&q=FR*V75*EPX18*08*3;2025-01-06T05:21:10+00:00;48.8954, 2.35;28 Rue Championnet 75018 Paris;75118;18e Arrondissement
FR*V75*E9018*03*3;Disponible;https://parisdata.opendatasoft.com/explore/dataset/belib-points-de-recharge-pour-vehicules-electriques-donnees-statiques/table/?disjunctive.nbre_pdc&disjunctive.accessibilite&disjunctive.horaires_sav&disjunctive.postal_code&disjunctive.acces_recharge&disjunctive.type_prise&disjunctive.puiss_max&q=FR*V75*E9018*03*3;2025-01-06T03:30:05+00:00;48.89767, 2.352758;150 Rue des Poissonniers 75018 Paris;75118;18e Arrondissement
FR*V75*E9018*04*3;OccupÃ© (en charge);https://parisdata.opendatasoft.com/explore/dataset/belib-points-de-recharge-pour-vehicules-electriques-donnees-statiques/table/?disjunctive.nbre_pdc&disjunctive.accessibilite&disjunctive.horaires_sav&disjunctive.postal_code&disjunctive.acces_recharge&disjunctive.type_prise&disjunctive.puiss_max&q=FR*V75*E9018*04*3;2025-01-06T03:30:05+00:00;48.89311, 2.34066;110 Rue Ordener 75018 Paris;75118;18e Arrondissement
FR*V75*EPX18*01*7;Disponible;https://parisdata.opendatasoft.com/explore/dataset/belib-points-de-recharge-pour-vehicules-electriques-donnees-statiques/table/?disjunctive.nbre_pdc&disjunctive.accessibilite&disjunctive.horaires_sav&disjunctive.postal_code&disjunctive.acces_recharge&disjunctive.type_prise&disjunctive.puiss_max&q=FR*V75*EPX18*01*7;2025-01-06T03:30:05+00:00;48.898304, 2.3423252;1 Rue Fernand Labori 75018 Paris;75118;18e Arrondissement
FR*V75*EPX18*14*5;Disponible;https://parisdata.opendatasoft.com/explore/dataset/belib-points-de-recharge-pour-vehicules-electriques-donnees-statiques/table/?disjunctive.nbre_pdc&disjunctive.accessibilite&disjunctive.horaires_sav&disjunctive.postal_code&disjunctive.acces_recharge&disjunctive.type_prise&disjunctive.puiss_max&q=FR*V75*EPX18*14*5;2025-01-06T03:30:05+00:00;48.884415, 2.3305461;1 Avenue Rachel 75018 Paris;75118;18e Arrondissement
FR*V75*EPX18*04*1;Disponible;https://parisdata.opendatasoft.com/explore/dataset/belib-points-de-recharge-pour-vehicules-electriques-donnees-statiques/table/?disjunctive.nbre_pdc&disjunctive.accessibilite&disjunctive.horaires_sav&disjunctive.postal_code&disjunctive.acces_recharge&disjunctive.type_prise&disjunctive.puiss_max&q=FR*V75*EPX18*04*1;2025-01-06T05:32:34+00:00;48.887253, 2.3330069;17 Rue Caulaincourt 75018 Paris;75118;18e Arrondissement
FR*V75*EPX18*10*1;Disponible;https://parisdata.opendatasoft.com/explore/dataset/belib-points-de-recharge-pour-vehicules-electriques-donnees-statiques/table/?disjunctive.nbre_pdc&disjunctive.accessibilite&disjunctive.horaires_sav&disjunctive.postal_code&disjunctive.acces_recharge&disjunctive.type_prise&disjunctive.puiss_max&q=FR*V75*EPX18*10*1;2025-01-06T03:30:05+00:00;48.8823, 2.3395;2 Boulevard de Clichy 75018 Paris;75118;18e Arrondissement
FR*V75*EPX18*13*2;Disponible;https://parisdata.opendatasoft.com/explore/dataset/belib-points-de-recharge-pour-vehicules-electriques-donnees-statiques/table/?disjunctive.nbre_pdc&disjunctive.accessibilite&disjunctive.horaires_sav&disjunctive.postal_code&disjunctive.acces_recharge&disjunctive.type_prise&disjunctive.puiss_max&q=FR*V75*EPX18*13*2;2025-01-06T06:50:54+00:00;48.891644, 2.344978;62 Rue Ramey 75018 Paris;75118;18e Arrondissement
FR*V75*E9018*05*2;Inconnu;https://parisdata.opendatasoft.com/explore/dataset/belib-points-de-recharge-pour-vehicules-electriques-donnees-statiques/table/?disjunctive.nbre_pdc&disjunctive.accessibilite&disjunctive.horaires_sav&disjunctive.postal_code&disjunctive.acces_recharge&disjunctive.type_prise&disjunctive.puiss_max&q=FR*V75*E9018*05*2;2025-01-06T03:30:05+00:00;48.89061, 2.35423;27 Rue Ordener 75018 Paris;75118;18e Arrondissement
FR*V75*EPX18*02*1;OccupÃ© (en charge);https://parisdata.opendatasoft.com/explore/dataset/belib-points-de-recharge-pour-vehicules-electriques-donnees-statiques/table/?disjunctive.nbre_pdc&disjunctive.accessibilite&disjunctive.horaires_sav&disjunctive.postal_code&disjunctive.acces_recharge&disjunctive.type_prise&disjunctive.puiss_max&q=FR*V75*EPX18*02*1;2025-01-06T07:37:57+00:00;48.89919, 2.330375;48 Rue Henri Huchard 75018 Paris;75118;18e Arrondissement
FR*V75*EPX18*10*2;Disponible;https://parisdata.opendatasoft.com/explore/dataset/belib-points-de-recharge-pour-vehicules-electriques-donnees-statiques/table/?disjunctive.nbre_pdc&disjunctive.accessibilite&disjunctive.horaires_sav&disjunctive.postal_code&disjunctive.acces_recharge&disjunctive.type_prise&disjunctive.puiss_max&q=FR*V75*EPX18*10*2;2025-01-06T03:30:05+00:00;48.8823, 2.3395;2 Boulevard de Clichy 75018 Paris;75118;18e Arrondissement
FR*V75*EPX18*10*3;Disponible;https://parisdata.opendatasoft.com/explore/dataset/belib-points-de-recharge-pour-vehicules-electriques-donnees-statiques/table/?disjunctive.nbre_pdc&disjunctive.accessibilite&disjunctive.horaires_sav&disjunctive.postal_code&disjunctive.acces_recharge&disjunctive.type_prise&disjunctive.puiss_max&q=FR*V75*EPX18*10*3;2025-01-06T03:30:05+00:00;48.8823, 2.3395;2 Boulevard de Clichy 75018 Paris;75118;18e Arrondissement
FR*V75*EPX18*12*4;Disponible;https://parisdata.opendatasoft.com/explore/dataset/belib-points-de-recharge-pour-vehicules-electriques-donnees-statiques/table/?disjunctive.nbre_pdc&disjunctive.accessibilite&disjunctive.horaires_sav&disjunctive.postal_code&disjunctive.acces_recharge&disjunctive.type_prise&disjunctive.puiss_max&q=FR*V75*EPX18*12*4;2025-01-06T08:03:33+00:00;48.893276, 2.3395;120 Rue Ordener 75018 Paris;75118;18e Arrondissement
FR*V75*EPX18*07*6;Disponible;https://parisdata.opendatasoft.com/explore/dataset/belib-points-de-recharge-pour-vehicules-electriques-donnees-statiques/table/?disjunctive.nbre_pdc&disjunctive.accessibilite&disjunctive.horaires_sav&disjunctive.postal_code&disjunctive.acces_recharge&disjunctive.type_prise&disjunctive.puiss_max&q=FR*V75*EPX18*07*6;2025-01-06T07:51:09+00:00;48.8861, 2.3591;1 Rue Jean-FranÃ§ois LÃ©pine 75018 Paris;75118;18e Arrondissement
FR*V75*EPX18*01*2;Disponible;https://parisdata.opendatasoft.com/explore/dataset/belib-points-de-recharge-pour-vehicules-electriques-donnees-statiques/table/?disjunctive.nbre_pdc&disjunctive.accessibilite&disjunctive.horaires_sav&disjunctive.postal_code&disjunctive.acces_recharge&disjunctive.type_prise&disjunctive.puiss_max&q=FR*V75*EPX18*01*2;2025-01-06T03:30:05+00:00;48.898304, 2.3423252;1 Rue Fernand Labori 75018 Paris;75118;18e Arrondissement
FR*V75*EPX18*03*2;Disponible;https://parisdata.opendatasoft.com/explore/dataset/belib-points-de-recharge-pour-vehicules-electriques-donnees-statiques/table/?disjunctive.nbre_pdc&disjunctive.accessibilite&disjunctive.horaires_sav&disjunctive.postal_code&disjunctive.acces_recharge&disjunctive.type_prise&disjunctive.puiss_max&q=FR*V75*EPX18*03*2;2025-01-06T03:30:05+00:00;48.89905, 2.3649826;52 Rue Charles Hermite 75018 Paris;75118;18e Arrondissement
FR*V75*E9018*04*1;OccupÃ© (en charge);https://parisdata.opendatasoft.com/explore/dataset/belib-points-de-recharge-pour-vehicules-electriques-donnees-statiques/table/?disjunctive.nbre_pdc&disjunctive.accessibilite&disjunctive.horaires_sav&disjunctive.postal_code&disjunctive.acces_recharge&disjunctive.type_prise&disjunctive.puiss_max&q=FR*V75*E9018*04*1;2025-01-06T07:17:41+00:00;48.89311, 2.34066;110 Rue Ordener 75018 Paris;75118;18e Arrondissement
FR*V75*EPX18*05*5;Disponible;https://parisdata.opendatasoft.com/explore/dataset/belib-points-de-recharge-pour-vehicules-electriques-donnees-statiques/table/?disjunctive.nbre_pdc&disjunctive.accessibilite&disjunctive.horaires_sav&disjunctive.postal_code&disjunctive.acces_recharge&disjunctive.type_prise&disjunctive.puiss_max&q=FR*V75*EPX18*05*5;2025-01-06T07:26:44+00:00;48.88836, 2.3480344;17 Rue Custine 75018 Paris;75118;18e Arrondissement
FR*V75*EPX18*01*4;Disponible;https://parisdata.opendatasoft.com/explore/dataset/belib-points-de-recharge-pour-vehicules-electriques-donnees-statiques/table/?disjunctive.nbre_pdc&disjunctive.accessibilite&disjunctive.horaires_sav&disjunctive.postal_code&disjunctive.acces_recharge&disjunctive.type_prise&disjunctive.puiss_max&q=FR*V75*EPX18*01*4;2025-01-06T03:30:05+00:00;48.898304, 2.3423252;1 Rue Fernand Labori 75018 Paris;75118;18e Arrondissement
FR*V75*EPX18*04*4;Disponible;https://parisdata.opendatasoft.com/explore/dataset/belib-points-de-recharge-pour-vehicules-electriques-donnees-statiques/table/?disjunctive.nbre_pdc&disjunctive.accessibilite&disjunctive.horaires_sav&disjunctive.postal_code&disjunctive.acces_recharge&disjunctive.type_prise&disjunctive.puiss_max&q=FR*V75*EPX18*04*4;2025-01-06T08:01:20+00:00;48.887253, 2.3330069;17 Rue Caulaincourt 75018 Paris;75118;18e Arrondissement
FR*V75*EPX18*04*2;Disponible;https://parisdata.opendatasoft.com/explore/dataset/belib-points-de-recharge-pour-vehicules-electriques-donnees-statiques/table/?disjunctive.nbre_pdc&disjunctive.accessibilite&disjunctive.horaires_sav&disjunctive.postal_code&disjunctive.acces_recharge&disjunctive.type_prise&disjunctive.puiss_max&q=FR*V75*EPX18*04*2;2025-01-06T06:39:42+00:00;48.887253, 2.3330069;17 Rue Caulaincourt 75018 Paris;75118;18e Arrondissement
FR*V75*EPX18*15*2;Disponible;https://parisdata.opendatasoft.com/explore/dataset/belib-points-de-recharge-pour-vehicules-electriques-donnees-statiques/table/?disjunctive.nbre_pdc&disjunctive.accessibilite&disjunctive.horaires_sav&disjunctive.postal_code&disjunctive.acces_recharge&disjunctive.type_prise&disjunctive.puiss_max&q=FR*V75*EPX18*15*2;2025-01-06T03:30:05+00:00;48.892082, 2.3331354;220 Rue Marcadet 75018 Paris;75118;18e Arrondissement
FR*V75*EPX18*16*6;Disponible;https://parisdata.opendatasoft.com/explore/dataset/belib-points-de-recharge-pour-vehicules-electriques-donnees-statiques/table/?disjunctive.nbre_pdc&disjunctive.accessibilite&disjunctive.horaires_sav&disjunctive.postal_code&disjunctive.acces_recharge&disjunctive.type_prise&disjunctive.puiss_max&q=FR*V75*EPX18*16*6;2025-01-06T03:30:05+00:00;48.885006, 2.3475914;16 Rue Sofia 75018 Paris;75118;18e Arrondissement
FR*V75*EPX18*15*6;Disponible;https://parisdata.opendatasoft.com/explore/dataset/belib-points-de-recharge-pour-vehicules-electriques-donnees-statiques/table/?disjunctive.nbre_pdc&disjunctive.accessibilite&disjunctive.horaires_sav&disjunctive.postal_code&disjunctive.acces_recharge&disjunctive.type_prise&disjunctive.puiss_max&q=FR*V75*EPX18*15*6;2025-01-06T06:49:08+00:00;48.892082, 2.3331354;220 Rue Marcadet 75018 Paris;75118;18e Arrondissement
FR*V75*EPX18*01*5;Disponible;https://parisdata.opendatasoft.com/explore/dataset/belib-points-de-recharge-pour-vehicules-electriques-donnees-statiques/table/?disjunctive.nbre_pdc&disjunctive.accessibilite&disjunctive.horaires_sav&disjunctive.postal_code&disjunctive.acces_recharge&disjunctive.type_prise&disjunctive.puiss_max&q=FR*V75*EPX18*01*5;2025-01-06T03:30:05+00:00;48.898304, 2.3423252;1 Rue Fernand Labori 75018 Paris;75118;18e Arrondissement
FR*V75*EPX18*10*4;Disponible;https://parisdata.opendatasoft.com/explore/dataset/belib-points-de-recharge-pour-vehicules-electriques-donnees-statiques/table/?disjunctive.nbre_pdc&disjunctive.accessibilite&disjunctive.horaires_sav&disjunctive.postal_code&disjunctive.acces_recharge&disjunctive.type_prise&disjunctive.puiss_max&q=FR*V75*EPX18*10*4;2025-01-06T03:30:05+00:00;48.8823, 2.3395;2 Boulevard de Clichy 75018 Paris;75118;18e Arrondissement
FR*V75*EPX18*10*5;Disponible;https://parisdata.opendatasoft.com/explore/dataset/belib-points-de-recharge-pour-vehicules-electriques-donnees-statiques/table/?disjunctive.nbre_pdc&disjunctive.accessibilite&disjunctive.horaires_sav&disjunctive.postal_code&disjunctive.acces_recharge&disjunctive.type_prise&disjunctive.puiss_max&q=FR*V75*EPX18*10*5;2025-01-06T03:30:05+00:00;48.8823, 2.3395;2 Boulevard de Clichy 75018 Paris;75118;18e Arrondissement
FR*V75*EPX18*06*5;Disponible;https://parisdata.opendatasoft.com/explore/dataset/belib-points-de-recharge-pour-vehicules-electriques-donnees-statiques/table/?disjunctive.nbre_pdc&disjunctive.accessibilite&disjunctive.horaires_sav&disjunctive.postal_code&disjunctive.acces_recharge&disjunctive.type_prise&disjunctive.puiss_max&q=FR*V75*EPX18*06*5;2025-01-06T07:31:18+00:00;48.8913, 2.3385;150 Rue Marcadet 75018 Paris;75118;18e Arrondissement
FR*V75*EPX18*04*3;Disponible;https://parisdata.opendatasoft.com/explore/dataset/belib-points-de-recharge-pour-vehicules-electriques-donnees-statiques/table/?disjunctive.nbre_pdc&disjunctive.accessibilite&disjunctive.horaires_sav&disjunctive.postal_code&disjunctive.acces_recharge&disjunctive.type_prise&disjunctive.puiss_max&q=FR*V75*EPX18*04*3;2025-01-06T03:30:05+00:00;48.887253, 2.3330069;17 Rue Caulaincourt 75018 Paris;75118;18e Arrondissement
FR*V75*EPX18*07*5;En maintenance;https://parisdata.opendatasoft.com/explore/dataset/belib-points-de-recharge-pour-vehicules-electriques-donnees-statiques/table/?disjunctive.nbre_pdc&disjunctive.accessibilite&disjunctive.horaires_sav&disjunctive.postal_code&disjunctive.acces_recharge&disjunctive.type_prise&disjunctive.puiss_max&q=FR*V75*EPX18*07*5;2025-01-06T03:30:05+00:00;48.8861, 2.3591;1 Rue Jean-FranÃ§ois LÃ©pine 75018 Paris;75118;18e Arrondissement
FR*V75*EPX18*05*4;Disponible;https://parisdata.opendatasoft.com/explore/dataset/belib-points-de-recharge-pour-vehicules-electriques-donnees-statiques/table/?disjunctive.nbre_pdc&disjunctive.accessibilite&disjunctive.horaires_sav&disjunctive.postal_code&disjunctive.acces_recharge&disjunctive.type_prise&disjunctive.puiss_max&q=FR*V75*EPX18*05*4;2025-01-06T07:38:06+00:00;48.88836, 2.3480344;17 Rue Custine 75018 Paris;75118;18e Arrondissement
FR*V75*EPX18*06*7;OccupÃ© (en charge);https://parisdata.opendatasoft.com/explore/dataset/belib-points-de-recharge-pour-vehicules-electriques-donnees-statiques/table/?disjunctive.nbre_pdc&disjunctive.accessibilite&disjunctive.horaires_sav&disjunctive.postal_code&disjunctive.acces_recharge&disjunctive.type_prise&disjunctive.puiss_max&q=FR*V75*EPX18*06*7;2025-01-06T07:53:46+00:00;48.8913, 2.3385;150 Rue Marcadet 75018 Paris;75118;18e Arrondissement
FR*V75*EPX18*08*1;Disponible;https://parisdata.opendatasoft.com/explore/dataset/belib-points-de-recharge-pour-vehicules-electriques-donnees-statiques/table/?disjunctive.nbre_pdc&disjunctive.accessibilite&disjunctive.horaires_sav&disjunctive.postal_code&disjunctive.acces_recharge&disjunctive.type_prise&disjunctive.puiss_max&q=FR*V75*EPX18*08*1;2025-01-06T07:47:40+00:00;48.8954, 2.35;28 Rue Championnet 75018 Paris;75118;18e Arrondissement
FR*V75*EPX18*06*6;Disponible;https://parisdata.opendatasoft.com/explore/dataset/belib-points-de-recharge-pour-vehicules-electriques-donnees-statiques/table/?disjunctive.nbre_pdc&disjunctive.accessibilite&disjunctive.horaires_sav&disjunctive.postal_code&disjunctive.acces_recharge&disjunctive.type_prise&disjunctive.puiss_max&q=FR*V75*EPX18*06*6;2025-01-06T07:46:20+00:00;48.8913, 2.3385;150 Rue Marcadet 75018 Paris;75118;18e Arrondissement
FR*V75*E9018*03*1;Disponible;https://parisdata.opendatasoft.com/explore/dataset/belib-points-de-recharge-pour-vehicules-electriques-donnees-statiques/table/?disjunctive.nbre_pdc&disjunctive.accessibilite&disjunctive.horaires_sav&disjunctive.postal_code&disjunctive.acces_recharge&disjunctive.type_prise&disjunctive.puiss_max&q=FR*V75*E9018*03*1;2025-01-06T03:30:05+00:00;48.89767, 2.352758;150 Rue des Poissonniers 75018 Paris;75118;18e Arrondissement
FR*V75*E9018*03*2;Disponible;https://parisdata.opendatasoft.com/explore/dataset/belib-points-de-recharge-pour-vehicules-electriques-donnees-statiques/table/?disjunctive.nbre_pdc&disjunctive.accessibilite&disjunctive.horaires_sav&disjunctive.postal_code&disjunctive.acces_recharge&disjunctive.type_prise&disjunctive.puiss_max&q=FR*V75*E9018*03*2;2025-01-06T03:30:05+00:00;48.89767, 2.352758;150 Rue des Poissonniers 75018 Paris;75118;18e Arrondissement
FR*V75*EPX18*16*4;Disponible;https://parisdata.opendatasoft.com/explore/dataset/belib-points-de-recharge-pour-vehicules-electriques-donnees-statiques/table/?disjunctive.nbre_pdc&disjunctive.accessibilite&disjunctive.horaires_sav&disjunctive.postal_code&disjunctive.acces_recharge&disjunctive.type_prise&disjunctive.puiss_max&q=FR*V75*EPX18*16*4;2025-01-06T05:46:18+00:00;48.885006, 2.3475914;16 Rue Sofia 75018 Paris;75118;18e Arrondissement
FR*V75*EPX18*02*2;Disponible;https://parisdata.opendatasoft.com/explore/dataset/belib-points-de-recharge-pour-vehicules-electriques-donnees-statiques/table/?disjunctive.nbre_pdc&disjunctive.accessibilite&disjunctive.horaires_sav&disjunctive.postal_code&disjunctive.acces_recharge&disjunctive.type_prise&disjunctive.puiss_max&q=FR*V75*EPX18*02*2;2025-01-06T03:30:05+00:00;48.89919, 2.330375;48 Rue Henri Huchard 75018 Paris;75118;18e Arrondissement
FR*V75*EPX18*08*5;OccupÃ© (en charge);https://parisdata.opendatasoft.com/explore/dataset/belib-points-de-recharge-pour-vehicules-electriques-donnees-statiques/table/?disjunctive.nbre_pdc&disjunctive.accessibilite&disjunctive.horaires_sav&disjunctive.postal_code&disjunctive.acces_recharge&disjunctive.type_prise&disjunctive.puiss_max&q=FR*V75*EPX18*08*5;2025-01-06T07:46:40+00:00;48.8954, 2.35;28 Rue Championnet 75018 Paris;75118;18e Arrondissement
FR*V75*EPX18*07*3;OccupÃ© (en charge);https://parisdata.opendatasoft.com/explore/dataset/belib-points-de-recharge-pour-vehicules-electriques-donnees-statiques/table/?disjunctive.nbre_pdc&disjunctive.accessibilite&disjunctive.horaires_sav&disjunctive.postal_code&disjunctive.acces_recharge&disjunctive.type_prise&disjunctive.puiss_max&q=FR*V75*EPX18*07*3;2025-01-06T07:50:04+00:00;48.8861, 2.3591;1 Rue Jean-FranÃ§ois LÃ©pine 75018 Paris;75118;18e Arrondissement
FR*V75*EPX18*05*1;Disponible;https://parisdata.opendatasoft.com/explore/dataset/belib-points-de-recharge-pour-vehicules-electriques-donnees-statiques/table/?disjunctive.nbre_pdc&disjunctive.accessibilite&disjunctive.horaires_sav&disjunctive.postal_code&disjunctive.acces_recharge&disjunctive.type_prise&disjunctive.puiss_max&q=FR*V75*EPX18*05*1;2025-01-06T07:06:53+00:00;48.88836, 2.3480344;17 Rue Custine 75018 Paris;75118;18e Arrondissement
FR*V75*EPX18*11*1;Disponible;https://parisdata.opendatasoft.com/explore/dataset/belib-points-de-recharge-pour-vehicules-electriques-donnees-statiques/table/?disjunctive.nbre_pdc&disjunctive.accessibilite&disjunctive.horaires_sav&disjunctive.postal_code&disjunctive.acces_recharge&disjunctive.type_prise&disjunctive.puiss_max&q=FR*V75*EPX18*11*1;2025-01-06T07:52:38+00:00;48.88508, 2.3375535;1bis Rue Ravignan 75018 Paris;75118;18e Arrondissement
FR*V75*EPX18*03*3;Disponible;https://parisdata.opendatasoft.com/explore/dataset/belib-points-de-recharge-pour-vehicules-electriques-donnees-statiques/table/?disjunctive.nbre_pdc&disjunctive.accessibilite&disjunctive.horaires_sav&disjunctive.postal_code&disjunctive.acces_recharge&disjunctive.type_prise&disjunctive.puiss_max&q=FR*V75*EPX18*03*3;2025-01-06T03:30:05+00:00;48.89905, 2.3649826;52 Rue Charles Hermite 75018 Paris;75118;18e Arrondissement
FR*V75*EPX18*03*5;Disponible;https://parisdata.opendatasoft.com/explore/dataset/belib-points-de-recharge-pour-vehicules-electriques-donnees-statiques/table/?disjunctive.nbre_pdc&disjunctive.accessibilite&disjunctive.horaires_sav&disjunctive.postal_code&disjunctive.acces_recharge&disjunctive.type_prise&disjunctive.puiss_max&q=FR*V75*EPX18*03*5;2025-01-06T03:30:05+00:00;48.89905, 2.3649826;52 Rue Charles Hermite 75018 Paris;75118;18e Arrondissement
FR*V75*EPX18*14*1;Disponible;https://parisdata.opendatasoft.com/explore/dataset/belib-points-de-recharge-pour-vehicules-electriques-donnees-statiques/table/?disjunctive.nbre_pdc&disjunctive.accessibilite&disjunctive.horaires_sav&disjunctive.postal_code&disjunctive.acces_recharge&disjunctive.type_prise&disjunctive.puiss_max&q=FR*V75*EPX18*14*1;2025-01-06T03:30:05+00:00;48.884415, 2.3305461;1 Avenue Rachel 75018 Paris;75118;18e Arrondissement
FR*V75*EPX18*11*6;Disponible;https://parisdata.opendatasoft.com/explore/dataset/belib-points-de-recharge-pour-vehicules-electriques-donnees-statiques/table/?disjunctive.nbre_pdc&disjunctive.accessibilite&disjunctive.horaires_sav&disjunctive.postal_code&disjunctive.acces_recharge&disjunctive.type_prise&disjunctive.puiss_max&q=FR*V75*EPX18*11*6;2025-01-06T07:52:50+00:00;48.88508, 2.3375535;1bis Rue Ravignan 75018 Paris;75118;18e Arrondissement
FR*V75*EPX18*11*3;Disponible;https://parisdata.opendatasoft.com/explore/dataset/belib-points-de-recharge-pour-vehicules-electriques-donnees-statiques/table/?disjunctive.nbre_pdc&disjunctive.accessibilite&disjunctive.horaires_sav&disjunctive.postal_code&disjunctive.acces_recharge&disjunctive.type_prise&disjunctive.puiss_max&q=FR*V75*EPX18*11*3;2025-01-06T03:30:05+00:00;48.88508, 2.3375535;1bis Rue Ravignan 75018 Paris;75118;18e Arrondissement
FR*V75*EPX18*14*3;Disponible;https://parisdata.opendatasoft.com/explore/dataset/belib-points-de-recharge-pour-vehicules-electriques-donnees-statiques/table/?disjunctive.nbre_pdc&disjunctive.accessibilite&disjunctive.horaires_sav&disjunctive.postal_code&disjunctive.acces_recharge&disjunctive.type_prise&disjunctive.puiss_max&q=FR*V75*EPX18*14*3;2025-01-06T03:30:05+00:00;48.884415, 2.3305461;1 Avenue Rachel 75018 Paris;75118;18e Arrondissement
FR*V75*EPX18*07*7;Disponible;https://parisdata.opendatasoft.com/explore/dataset/belib-points-de-recharge-pour-vehicules-electriques-donnees-statiques/table/?disjunctive.nbre_pdc&disjunctive.accessibilite&disjunctive.horaires_sav&disjunctive.postal_code&disjunctive.acces_recharge&disjunctive.type_prise&disjunctive.puiss_max&q=FR*V75*EPX18*07*7;2025-01-06T07:50:30+00:00;48.8861, 2.3591;1 Rue Jean-FranÃ§ois LÃ©pine 75018 Paris;75118;18e Arrondissement
FR*V75*EPX18*11*5;Disponible;https://parisdata.opendatasoft.com/explore/dataset/belib-points-de-recharge-pour-vehicules-electriques-donnees-statiques/table/?disjunctive.nbre_pdc&disjunctive.accessibilite&disjunctive.horaires_sav&disjunctive.postal_code&disjunctive.acces_recharge&disjunctive.type_prise&disjunctive.puiss_max&q=FR*V75*EPX18*11*5;2025-01-06T07:53:24+00:00;48.88508, 2.3375535;1bis Rue Ravignan 75018 Paris;75118;18e Arrondissement
FR*V75*EPX18*13*6;OccupÃ© (en charge);https://parisdata.opendatasoft.com/explore/dataset/belib-points-de-recharge-pour-vehicules-electriques-donnees-statiques/table/?disjunctive.nbre_pdc&disjunctive.accessibilite&disjunctive.horaires_sav&disjunctive.postal_code&disjunctive.acces_recharge&disjunctive.type_prise&disjunctive.puiss_max&q=FR*V75*EPX18*13*6;2025-01-06T07:34:05+00:00;48.891644, 2.344978;62 Rue Ramey 75018 Paris;75118;18e Arrondissement
FR*V75*EPX18*08*6;OccupÃ© (en charge);https://parisdata.opendatasoft.com/explore/dataset/belib-points-de-recharge-pour-vehicules-electriques-donnees-statiques/table/?disjunctive.nbre_pdc&disjunctive.accessibilite&disjunctive.horaires_sav&disjunctive.postal_code&disjunctive.acces_recharge&disjunctive.type_prise&disjunctive.puiss_max&q=FR*V75*EPX18*08*6;2025-01-06T07:46:30+00:00;48.8954, 2.35;28 Rue Championnet 75018 Paris;75118;18e Arrondissement
FR*V75*EPX18*02*3;Disponible;https://parisdata.opendatasoft.com/explore/dataset/belib-points-de-recharge-pour-vehicules-electriques-donnees-statiques/table/?disjunctive.nbre_pdc&disjunctive.accessibilite&disjunctive.horaires_sav&disjunctive.postal_code&disjunctive.acces_recharge&disjunctive.type_prise&disjunctive.puiss_max&q=FR*V75*EPX18*02*3;2025-01-06T03:30:05+00:00;48.89919, 2.330375;48 Rue Henri Huchard 75018 Paris;75118;18e Arrondissement
FR*V75*EPX18*03*1;Disponible;https://parisdata.opendatasoft.com/explore/dataset/belib-points-de-recharge-pour-vehicules-electriques-donnees-statiques/table/?disjunctive.nbre_pdc&disjunctive.accessibilite&disjunctive.horaires_sav&disjunctive.postal_code&disjunctive.acces_recharge&disjunctive.type_prise&disjunctive.puiss_max&q=FR*V75*EPX18*03*1;2025-01-06T03:30:05+00:00;48.89905, 2.3649826;52 Rue Charles Hermite 75018 Paris;75118;18e Arrondissement
FR*V75*EPX18*06*3;Disponible;https://parisdata.opendatasoft.com/explore/dataset/belib-points-de-recharge-pour-vehicules-electriques-donnees-statiques/table/?disjunctive.nbre_pdc&disjunctive.accessibilite&disjunctive.horaires_sav&disjunctive.postal_code&disjunctive.acces_recharge&disjunctive.type_prise&disjunctive.puiss_max&q=FR*V75*EPX18*06*3;2025-01-06T03:30:05+00:00;48.8913, 2.3385;150 Rue Marcadet 75018 Paris;75118;18e Arrondissement
FR*V75*EPX18*12*3;OccupÃ© (en charge);https://parisdata.opendatasoft.com/explore/dataset/belib-points-de-recharge-pour-vehicules-electriques-donnees-statiques/table/?disjunctive.nbre_pdc&disjunctive.accessibilite&disjunctive.horaires_sav&disjunctive.postal_code&disjunctive.acces_recharge&disjunctive.type_prise&disjunctive.puiss_max&q=FR*V75*EPX18*12*3;2025-01-06T03:30:05+00:00;48.893276, 2.3395;120 Rue Ordener 75018 Paris;75118;18e Arrondissement
FR*V75*EPX18*13*3;OccupÃ© (en charge);https://parisdata.opendatasoft.com/explore/dataset/belib-points-de-recharge-pour-vehicules-electriques-donnees-statiques/table/?disjunctive.nbre_pdc&disjunctive.accessibilite&disjunctive.horaires_sav&disjunctive.postal_code&disjunctive.acces_recharge&disjunctive.type_prise&disjunctive.puiss_max&q=FR*V75*EPX18*13*3;2025-01-06T03:30:05+00:00;48.891644, 2.344978;62 Rue Ramey 75018 Paris;75118;18e Arrondissement
FR*V75*EPX18*15*3;Disponible;https://parisdata.opendatasoft.com/explore/dataset/belib-points-de-recharge-pour-vehicules-electriques-donnees-statiques/table/?disjunctive.nbre_pdc&disjunctive.accessibilite&disjunctive.horaires_sav&disjunctive.postal_code&disjunctive.acces_recharge&disjunctive.type_prise&disjunctive.puiss_max&q=FR*V75*EPX18*15*3;2025-01-06T03:30:05+00:00;48.892082, 2.3331354;220 Rue Marcadet 75018 Paris;75118;18e Arrondissement
FR*V75*EPX18*03*6;Disponible;https://parisdata.opendatasoft.com/explore/dataset/belib-points-de-recharge-pour-vehicules-electriques-donnees-statiques/table/?disjunctive.nbre_pdc&disjunctive.accessibilite&disjunctive.horaires_sav&disjunctive.postal_code&disjunctive.acces_recharge&disjunctive.type_prise&disjunctive.puiss_max&q=FR*V75*EPX18*03*6;2025-01-06T03:30:05+00:00;48.89905, 2.3649826;52 Rue Charles Hermite 75018 Paris;75118;18e Arrondissement
FR*V75*EPX18*15*7;OccupÃ© (en charge);https://parisdata.opendatasoft.com/explore/dataset/belib-points-de-recharge-pour-vehicules-electriques-donnees-statiques/table/?disjunctive.nbre_pdc&disjunctive.accessibilite&disjunctive.horaires_sav&disjunctive.postal_code&disjunctive.acces_recharge&disjunctive.type_prise&disjunctive.puiss_max&q=FR*V75*EPX18*15*7;2025-01-06T03:30:05+00:00;48.892082, 2.3331354;220 Rue Marcadet 75018 Paris;75118;18e Arrondissement
FR*V75*EPX18*05*3;Disponible;https://parisdata.opendatasoft.com/explore/dataset/belib-points-de-recharge-pour-vehicules-electriques-donnees-statiques/table/?disjunctive.nbre_pdc&disjunctive.accessibilite&disjunctive.horaires_sav&disjunctive.postal_code&disjunctive.acces_recharge&disjunctive.type_prise&disjunctive.puiss_max&q=FR*V75*EPX18*05*3;2025-01-06T08:06:16+00:00;48.88836, 2.3480344;17 Rue Custine 75018 Paris;75118;18e Arrondissement
FR*V75*EPX18*16*2;Disponible;https://parisdata.opendatasoft.com/explore/dataset/belib-points-de-recharge-pour-vehicules-electriques-donnees-statiques/table/?disjunctive.nbre_pdc&disjunctive.accessibilite&disjunctive.horaires_sav&disjunctive.postal_code&disjunctive.acces_recharge&disjunctive.type_prise&disjunctive.puiss_max&q=FR*V75*EPX18*16*2;2025-01-06T06:18:18+00:00;48.885006, 2.3475914;16 Rue Sofia 75018 Paris;75118;18e Arrondissement
FR*V75*EPX18*02*6;Disponible;https://parisdata.opendatasoft.com/explore/dataset/belib-points-de-recharge-pour-vehicules-electriques-donnees-statiques/table/?disjunctive.nbre_pdc&disjunctive.accessibilite&disjunctive.horaires_sav&disjunctive.postal_code&disjunctive.acces_recharge&disjunctive.type_prise&disjunctive.puiss_max&q=FR*V75*EPX18*02*6;2025-01-06T03:34:58+00:00;48.89919, 2.330375;48 Rue Henri Huchard 75018 Paris;75118;18e Arrondissement
FR*V75*E9018*04*2;Disponible;https://parisdata.opendatasoft.com/explore/dataset/belib-points-de-recharge-pour-vehicules-electriques-donnees-statiques/table/?disjunctive.nbre_pdc&disjunctive.accessibilite&disjunctive.horaires_sav&disjunctive.postal_code&disjunctive.acces_recharge&disjunctive.type_prise&disjunctive.puiss_max&q=FR*V75*E9018*04*2;2025-01-06T03:30:05+00:00;48.89311, 2.34066;110 Rue Ordener 75018 Paris;75118;18e Arrondissement
FR*V75*EPX18*01*3;Disponible;https://parisdata.opendatasoft.com/explore/dataset/belib-points-de-recharge-pour-vehicules-electriques-donnees-statiques/table/?disjunctive.nbre_pdc&disjunctive.accessibilite&disjunctive.horaires_sav&disjunctive.postal_code&disjunctive.acces_recharge&disjunctive.type_prise&disjunctive.puiss_max&q=FR*V75*EPX18*01*3;2025-01-06T03:30:05+00:00;48.898304, 2.3423252;1 Rue Fernand Labori 75018 Paris;75118;18e Arrondissement
FR*V75*EPX18*03*4;Disponible;https://parisdata.opendatasoft.com/explore/dataset/belib-points-de-recharge-pour-vehicules-electriques-donnees-statiques/table/?disjunctive.nbre_pdc&disjunctive.accessibilite&disjunctive.horaires_sav&disjunctive.postal_code&disjunctive.acces_recharge&disjunctive.type_prise&disjunctive.puiss_max&q=FR*V75*EPX18*03*4;2025-01-06T03:30:05+00:00;48.89905, 2.3649826;52 Rue Charles Hermite 75018 Paris;75118;18e Arrondissement
FR*V75*EPX18*07*2;Disponible;https://parisdata.opendatasoft.com/explore/dataset/belib-points-de-recharge-pour-vehicules-electriques-donnees-statiques/table/?disjunctive.nbre_pdc&disjunctive.accessibilite&disjunctive.horaires_sav&disjunctive.postal_code&disjunctive.acces_recharge&disjunctive.type_prise&disjunctive.puiss_max&q=FR*V75*EPX18*07*2;2025-01-06T03:30:05+00:00;48.8861, 2.3591;1 Rue Jean-FranÃ§ois LÃ©pine 75018 Paris;75118;18e Arrondissement
FR*V75*EPX18*15*5;OccupÃ© (en charge);https://parisdata.opendatasoft.com/explore/dataset/belib-points-de-recharge-pour-vehicules-electriques-donnees-statiques/table/?disjunctive.nbre_pdc&disjunctive.accessibilite&disjunctive.horaires_sav&disjunctive.postal_code&disjunctive.acces_recharge&disjunctive.type_prise&disjunctive.puiss_max&q=FR*V75*EPX18*15*5;2025-01-06T06:06:38+00:00;48.892082, 2.3331354;220 Rue Marcadet 75018 Paris;75118;18e Arrondissement
FR*V75*EPX18*08*4;Disponible;https://parisdata.opendatasoft.com/explore/dataset/belib-points-de-recharge-pour-vehicules-electriques-donnees-statiques/table/?disjunctive.nbre_pdc&disjunctive.accessibilite&disjunctive.horaires_sav&disjunctive.postal_code&disjunctive.acces_recharge&disjunctive.type_prise&disjunctive.puiss_max&q=FR*V75*EPX18*08*4;2025-01-06T07:46:37+00:00;48.8954, 2.35;28 Rue Championnet 75018 Paris;75118;18e Arrondissement
FR*V75*EPX18*05*6;Disponible;https://parisdata.opendatasoft.com/explore/dataset/belib-points-de-recharge-pour-vehicules-electriques-donnees-statiques/table/?disjunctive.nbre_pdc&disjunctive.accessibilite&disjunctive.horaires_sav&disjunctive.postal_code&disjunctive.acces_recharge&disjunctive.type_prise&disjunctive.puiss_max&q=FR*V75*EPX18*05*6;2025-01-06T07:49:39+00:00;48.88836, 2.3480344;17 Rue Custine 75018 Paris;75118;18e Arrondissement
